tab,match_level,sf_equivalent,whats_the_same,whats_different_or_extra,sf_field_names_used,source
Job_Information,Superset,Employee Central Job Information (Employment/Job Info),"user_id, manager, job title, hire date, one row per employee","Adds computed columns (years_of_service, entitlement, all_teams, team_count); flattens person, email and job data that SF holds in separate objects","userId, managerId, jobTitle, hireDate, timeProfile, workScheduleCode, holidayCalendarCode",https://help.sap.com/docs/successfactors-employee-central
Time_Type,Equivalent,Time Type (Time Off),"Code, name, unit, linked account type, approval flag",Adds requires_medical_cert and duration_display as simple helper columns,"externalCode, unit, timeAccountType, approvalRequired",https://help.sap.com/docs/successfactors-time-off
Time_Account_Type,Partial,Time Account Type,"Recurring/Permanent/Ad Hoc idea, accrual or entitlement method, validity","Simplified: one row per type, quota and expiry rule stored as plain columns; SF uses more configuration (e.g. account creation, period, accrual rule objects)","externalCode, accountCreationType, timeAccountCategory",https://help.sap.com/docs/successfactors-time-off
Accrual_Rule,Partial,Accrual/Accumulation rule (Time Account Type configuration),"Service-based tiers, posting frequency, first posting rule",Flattened into one table; SF models these with rule and eligibility objects. Inference: SF details are simplified here,"accrualRule, seniority tiers",https://help.sap.com/docs/successfactors-time-off
Time_Profile,Equivalent,Time Profile,Assigns the time types an employee may use,Adds favorite and main_absence_time_type flags only as columns,"timeProfile, timeType",https://help.sap.com/docs/successfactors-time-off
Work_Schedule,Partial,Work Schedule + Day Model,Hours per weekday decide working days,SF builds schedules from Day Models and a repeating pattern; here hours are one row per weekday set. Adds weekend_mask helper for NETWORKDAYS.INTL,"workScheduleCode, dayModel",https://help.sap.com/docs/successfactors-time-off
Holiday_Calendar,Partial,Holiday Calendar / Holiday,Calendar code with dated holidays,SF has separate Holiday Calendar and Holiday objects; here combined in one table. Adds is_in_lieu note,"holidayCalendar, holiday, date",https://help.sap.com/docs/successfactors-time-off
Time_Account,Superset,Time Account,One account per employee per time account type per validity period,"Adds computed balance_today, planned_bookings, pending_requests, available, projected_year_end as live formulas; SF computes balances in the system and reports them separately","timeAccountType, user, bookingStartDate, bookingEndDate",https://help.sap.com/docs/successfactors-time-off
Time_Account_Detail,Superset,Time Account Detail,"Ledger of postings (booking date, amount, unit, posting type, link to employee time); balance is the sum","Extra columns expiry_date, consumes_detail_id, remaining_credit, credit_status and a custom Expiry posting type for OIL; these are custom, not SF fields","bookingDate, bookingAmount, bookingUnit, employeeTime, comment, postingType",https://help.sap.com/docs/successfactors-time-off
Employee_Time,Partial,Employee Time (absence request),"Employee, time type, start/end date, quantity in days, approval status","No Pending Cancellation status and no separate workflow object; adds half_day, decision_note and approver columns inline","userId, timeType, startDate, endDate, quantityInDays, approvalStatus",https://help.sap.com/docs/successfactors-time-off
Teams,Custom,None (nearest: Foundation Object Department/Division),Org-unit concept,"Not an SF Time Off object. Adds head, headcount and min_staff_on_duty for clash checks",n/a,n/a
Team_Members,Custom,"None (nearest: matrix manager relationship, a different concept)",Person-to-group link,"Supports one person in many teams; SF matrix manager models additional managers, not teams",n/a,n/a
Leave_Calendar,Custom,Team Absences view (UI feature),Shows who is absent when,"Built with formulas, with per-team minimum cover and SHORT flags that SF does not have by default",n/a,n/a
Day_Calculator,Custom,None,n/a,Helper for the agent to count working days; not an SF object,n/a,n/a
Agent_Guide,Custom,None,n/a,Instructions for the AI agent; not an SF object,n/a,n/a
SF_Mapping,Custom,None,n/a,This tab,n/a,n/a
LEGEND,,,,,,
Equivalent,,Same concept and similar fields as SF,,,,
Partial,,Same concept but simplified or flattened vs SF,,,,
Superset,,Does what SF does and more (extra columns or formulas),,,,
Custom,,Not an SF concept; added for the hackathon agent,,,,
CAVEAT,,"Based on public SAP Help Portal docs, not a live SuccessFactors tenant. Field names are approximate. Where the sheet notes an inference, it is my reading, not confirmed against SAP.",,,,
