user_id,full_name,email,home_team_id,job_title,manager_id,join_date,years_of_service,employment_status,annual_leave_entitlement,all_teams,team_count,time_profile_code,work_schedule_code,holiday_calendar_code,mobile,gender,citizenship_status,marital_status,employer,project_id
E001,Priya Nair,priya.nair@i-be-yam.com,T01,Managing Director,,2/3/15,11,Active,21,Man Age Men-T,1,SG_STD,SG_STD,SG,+65 9123 4501,F,Singapore Citizen,Married,I Be Yam,
E002,Daniel Tan,daniel.tan@i-be-yam.com,T05,HR Manager,E001,12/6/17,9,Active,21,Meow Woof Arf,1,SG_STD,SG_STD,SG,+65 9234 4502,M,Singapore Citizen,Married,I Be Yam,
E003,Aisha Rahman,aisha.rahman@i-be-yam.com,T05,HR Executive,E002,1/2/23,3,Active,15,Meow Woof Arf,1,SG_STD,SG_STD,SG,+65 8345 4503,F,Singapore Citizen,Single,He Be Tomato,
E004,Marcus Lim,marcuslim94@proton.me,T02,Engineering Manager,E001,3/9/18,8,Active,21,Empty'em,1,SG_STD,SG_STD,SG,+65 9456 4504,M,Singapore Citizen,Married,I Be Yam,PROJ_ENG
E005,Wei Ling Chua,chuaweiling1@outlook.com,T02,Senior Software Engineer,E004,6/1/20,6,Active,18,"Empty'em, Apple Computer Science",2,SG_STD,SG_STD,SG,+65 8567 4505,F,Singapore Citizen,Married,I Be Yam,PROJ_ENG
E006,Rahul Menon,rahul.menon@i-be-yam.com,T02,Software Engineer,E004,4/7/22,4,Active,18,Empty'em,1,SG_STD,SG_STD,SG,+65 9678 4506,M,Permanent Resident,Single,He Be Tomato,PROJ_ENG
E007,Sarah Koh,sarah.koh@i-be-yam.com,T02,Software Engineer,E004,17/3/25,1,Active,15,Empty'em,1,SG_STD,SG_STD,SG,+65 8789 4507,F,Singapore Citizen,Married,He Be Tomato,PROJ_ENG
E008,Jun Wei Ong,junwei.ong@i-be-yam.com,T02,QA Engineer,E004,4/11/24,1,Active,15,Empty'em,1,SG_STD,SG_STD,SG,+65 9890 4508,M,Singapore Citizen,Single,She Be A Pear,PROJ_ENG
E009,Fatimah Yusof,fatimah.yusof@i-be-yam.com,T03,Sales Manager,E001,15/4/19,7,Active,18,Diva Counter Strike,1,SG_STD,SG_STD,SG,+65 8901 4509,F,Singapore Citizen,Married,I Be Yam,
E010,Kevin Teo,kevin.teo@i-be-yam.com,T03,Account Executive,E009,2/8/21,5,Active,18,Diva Counter Strike,1,SG_STD,SG_STD,SG,+65 9012 4510,M,Singapore Citizen,Divorced,He Be Tomato,
E011,Michelle Goh,michelle.goh@i-be-yam.com,T03,Account Executive,E009,9/10/23,2,Active,15,"Diva Counter Strike, Meow Woof Arf",2,SG_STD,SG_STD,SG,+65 8123 4511,F,Singapore Citizen,Married,I Be Yam,
E012,Arjun Pillai,arjun.pillai@i-be-yam.com,T03,Sales Associate,E009,12/1/26,0,Active,15,Diva Counter Strike,1,SG_STD,SG_STD,SG,+65 9234 4512,M,Permanent Resident,Single,She Be A Pear,
E013,Grace Lee,grace.lee@i-be-yam.com,T04,Operations Manager,E001,19/5/14,12,Active,21,Apple Computer Science,1,SG_STD,SG_STD,SG,+65 8345 4513,F,Singapore Citizen,Married,I Be Yam,
E014,Ismail Hassan,ismail.hassan@i-be-yam.com,T04,Operations Executive,E013,14/2/22,4,Active,18,"Apple Computer Science, Diva Counter Strike",2,SG_STD,SG_STD,SG,+65 9456 4514,M,Singapore Citizen,Married,I Be Yam,
E015,Cheryl Wong,cheryl.wong@i-be-yam.com,T04,Operations Coordinator,E013,1/9/25,1,Active,15,Apple Computer Science,1,SG_STD,SG_STD,SG,+65 8567 4515,F,Singapore Citizen,Married,She Be A Pear,