time_account_id,user_id,time_account_type_code,account_valid_from,account_valid_until,account_closed,balance_today,planned_bookings,pending_requests,available,projected_year_end
TA001,E001,ACC_AL,2026-01-01,2026-12-31,N,17.5,0,0,17.5,21
TA002,E001,ACC_OIL,2026-01-01,2026-12-31,N,0,0,0,0,0
TA003,E001,ACC_SL,2026-01-01,2026-12-31,N,14,0,0,14,14
TA004,E001,ACC_HL,2026-01-01,2026-12-31,N,46,0,0,46,46
TA005,E002,ACC_AL,2026-01-01,2026-12-31,N,17.5,0,0,17.5,21
TA006,E002,ACC_OIL,2026-01-01,2026-12-31,N,0,0,0,0,0
TA007,E002,ACC_SL,2026-01-01,2026-12-31,N,14,0,0,14,14
TA008,E002,ACC_HL,2026-01-01,2026-12-31,N,46,0,0,46,46
TA009,E003,ACC_AL,2026-01-01,2026-12-31,N,12.5,0,0,12.5,15
TA010,E003,ACC_OIL,2026-01-01,2026-12-31,N,0,0,0,0,0
TA011,E003,ACC_SL,2026-01-01,2026-12-31,N,13,0,0,13,13
TA012,E003,ACC_HL,2026-01-01,2026-12-31,N,46,0,0,46,46
TA013,E004,ACC_AL,2026-01-01,2026-12-31,N,12.5,0,0,12.5,16
TA014,E004,ACC_OIL,2026-01-01,2026-12-31,N,0,0,0,0,0
TA015,E004,ACC_SL,2026-01-01,2026-12-31,N,14,0,0,14,14
TA016,E004,ACC_HL,2026-01-01,2026-12-31,N,46,0,0,46,46
TA017,E005,ACC_AL,2026-01-01,2026-12-31,N,10,0,5,5,8
TA018,E005,ACC_OIL,2026-01-01,2026-12-31,N,1,0,0,1,1
TA019,E005,ACC_SL,2026-01-01,2026-12-31,N,14,0,0,14,14
TA020,E005,ACC_HL,2026-01-01,2026-12-31,N,46,0,0,46,46
TA021,E006,ACC_AL,2026-01-01,2026-12-31,N,12,0,3,9,12
TA022,E006,ACC_OIL,2026-01-01,2026-12-31,N,1,0,0,1,1
TA023,E006,ACC_SL,2026-01-01,2026-12-31,N,14,0,0,14,14
TA024,E006,ACC_HL,2026-01-01,2026-12-31,N,46,0,0,46,46
TA025,E007,ACC_AL,2026-01-01,2026-12-31,N,7.5,0,2,5.5,8
TA026,E007,ACC_OIL,2026-01-01,2026-12-31,N,0,0,0,0,0
TA027,E007,ACC_SL,2026-01-01,2026-12-31,N,14,0,0,14,14
TA028,E007,ACC_HL,2026-01-01,2026-12-31,N,46,0,0,46,46
TA029,E008,ACC_AL,2026-01-01,2026-12-31,N,12.5,0,0,12.5,15
TA030,E008,ACC_OIL,2026-01-01,2026-12-31,N,1,0,0,1,1
TA031,E008,ACC_SL,2026-01-01,2026-12-31,N,14,0,0,14,14
TA032,E008,ACC_HL,2026-01-01,2026-12-31,N,46,0,0,46,46
TA033,E009,ACC_AL,2026-01-01,2026-12-31,N,15,0,0,15,18
TA034,E009,ACC_OIL,2026-01-01,2026-12-31,N,0,0,0,0,0
TA035,E009,ACC_SL,2026-01-01,2026-12-31,N,14,0,0,14,14
TA036,E009,ACC_HL,2026-01-01,2026-12-31,N,46,0,0,46,46
TA037,E010,ACC_AL,2026-01-01,2026-12-31,N,10,0,0,10,13
TA038,E010,ACC_OIL,2026-01-01,2026-12-31,N,1,0,0,1,1
TA039,E010,ACC_SL,2026-01-01,2026-12-31,N,14,0,0,14,14
TA040,E010,ACC_HL,2026-01-01,2026-12-31,N,46,0,0,46,46
TA041,E011,ACC_AL,2026-01-01,2026-12-31,N,12.5,0,0,12.5,15
TA042,E011,ACC_OIL,2026-01-01,2026-12-31,N,1,0,0,1,1
TA043,E011,ACC_SL,2026-01-01,2026-12-31,N,14,0,0,14,14
TA044,E011,ACC_HL,2026-01-01,2026-12-31,N,41,0,0,41,41
TA045,E012,ACC_AL,2026-01-12,2026-12-31,N,11.25,0,4,7.25,9.75
TA046,E012,ACC_OIL,2026-01-12,2026-12-31,N,0,0,0,0,0
TA047,E012,ACC_SL,2026-01-12,2026-12-31,N,13,0,0,13,13
TA048,E012,ACC_HL,2026-01-12,2026-12-31,N,46,0,0,46,46
TA049,E013,ACC_AL,2026-01-01,2026-12-31,N,12.5,0,0,12.5,16
TA050,E013,ACC_OIL,2026-01-01,2026-12-31,N,0,0,0,0,0
TA051,E013,ACC_SL,2026-01-01,2026-12-31,N,14,0,0,14,14
TA052,E013,ACC_HL,2026-01-01,2026-12-31,N,46,0,0,46,46
TA053,E014,ACC_AL,2026-01-01,2026-12-31,N,15,-4,0,11,14
TA054,E014,ACC_OIL,2026-01-01,2026-12-31,N,1,0,0,1,1
TA055,E014,ACC_SL,2026-01-01,2026-12-31,N,14,0,0,14,14
TA056,E014,ACC_HL,2026-01-01,2026-12-31,N,46,0,0,46,46
TA057,E015,ACC_AL,2026-01-01,2026-12-31,N,12.5,0,0,12.5,15
TA058,E015,ACC_OIL,2026-01-01,2026-12-31,N,0,0,0,0,0
TA059,E015,ACC_SL,2026-01-01,2026-12-31,N,14,0,0,14,14
TA060,E015,ACC_HL,2026-01-01,2026-12-31,N,46,0,0,46,46
TA061,E005,ACC_CL,2026-01-01,2026-12-31,N,6,0,0,6,6