detail_id,time_account_id,booking_date,posting_type,booking_amount,booking_unit,employee_time_id,comment,expiry_date,consumes_detail_id,remaining_credit,credit_status
D001,TA003,2026-01-01,Entitlement,14,DAYS,,Annual sick leave entitlement,,,,
D002,TA004,2026-01-01,Entitlement,46,DAYS,,Annual hospitalisation leave entitlement,,,,
D003,TA007,2026-01-01,Entitlement,14,DAYS,,Annual sick leave entitlement,,,,
D004,TA008,2026-01-01,Entitlement,46,DAYS,,Annual hospitalisation leave entitlement,,,,
D005,TA011,2026-01-01,Entitlement,14,DAYS,,Annual sick leave entitlement,,,,
D006,TA012,2026-01-01,Entitlement,46,DAYS,,Annual hospitalisation leave entitlement,,,,
D007,TA015,2026-01-01,Entitlement,14,DAYS,,Annual sick leave entitlement,,,,
D008,TA016,2026-01-01,Entitlement,46,DAYS,,Annual hospitalisation leave entitlement,,,,
D009,TA019,2026-01-01,Entitlement,14,DAYS,,Annual sick leave entitlement,,,,
D010,TA020,2026-01-01,Entitlement,46,DAYS,,Annual hospitalisation leave entitlement,,,,
D011,TA023,2026-01-01,Entitlement,14,DAYS,,Annual sick leave entitlement,,,,
D012,TA024,2026-01-01,Entitlement,46,DAYS,,Annual hospitalisation leave entitlement,,,,
D013,TA027,2026-01-01,Entitlement,14,DAYS,,Annual sick leave entitlement,,,,
D014,TA028,2026-01-01,Entitlement,46,DAYS,,Annual hospitalisation leave entitlement,,,,
D015,TA031,2026-01-01,Entitlement,14,DAYS,,Annual sick leave entitlement,,,,
D016,TA032,2026-01-01,Entitlement,46,DAYS,,Annual hospitalisation leave entitlement,,,,
D017,TA035,2026-01-01,Entitlement,14,DAYS,,Annual sick leave entitlement,,,,
D018,TA036,2026-01-01,Entitlement,46,DAYS,,Annual hospitalisation leave entitlement,,,,
D019,TA039,2026-01-01,Entitlement,14,DAYS,,Annual sick leave entitlement,,,,
D020,TA040,2026-01-01,Entitlement,46,DAYS,,Annual hospitalisation leave entitlement,,,,
D021,TA043,2026-01-01,Entitlement,14,DAYS,,Annual sick leave entitlement,,,,
D022,TA044,2026-01-01,Entitlement,46,DAYS,,Annual hospitalisation leave entitlement,,,,
D023,TA051,2026-01-01,Entitlement,14,DAYS,,Annual sick leave entitlement,,,,
D024,TA052,2026-01-01,Entitlement,46,DAYS,,Annual hospitalisation leave entitlement,,,,
D025,TA055,2026-01-01,Entitlement,14,DAYS,,Annual sick leave entitlement,,,,
D026,TA056,2026-01-01,Entitlement,46,DAYS,,Annual hospitalisation leave entitlement,,,,
D027,TA059,2026-01-01,Entitlement,14,DAYS,,Annual sick leave entitlement,,,,
D028,TA060,2026-01-01,Entitlement,46,DAYS,,Annual hospitalisation leave entitlement,,,,
D029,TA001,2026-01-01,Accrual,1.75,DAYS,,Monthly accrual 2026-01,,,,
D030,TA005,2026-01-01,Accrual,1.75,DAYS,,Monthly accrual 2026-01,,,,
D031,TA009,2026-01-01,Accrual,1.25,DAYS,,Monthly accrual 2026-01,,,,
D032,TA013,2026-01-01,Accrual,1.75,DAYS,,Monthly accrual 2026-01,,,,
D033,TA017,2026-01-01,Accrual,1.5,DAYS,,Monthly accrual 2026-01,,,,
D034,TA021,2026-01-01,Accrual,1.5,DAYS,,Monthly accrual 2026-01,,,,
D035,TA025,2026-01-01,Accrual,1.25,DAYS,,Monthly accrual 2026-01,,,,
D036,TA029,2026-01-01,Accrual,1.25,DAYS,,Monthly accrual 2026-01,,,,
D037,TA033,2026-01-01,Accrual,1.5,DAYS,,Monthly accrual 2026-01,,,,
D038,TA037,2026-01-01,Accrual,1.5,DAYS,,Monthly accrual 2026-01,,,,
D039,TA041,2026-01-01,Accrual,1.25,DAYS,,Monthly accrual 2026-01,,,,
D040,TA049,2026-01-01,Accrual,1.75,DAYS,,Monthly accrual 2026-01,,,,
D041,TA053,2026-01-01,Accrual,1.5,DAYS,,Monthly accrual 2026-01,,,,
D042,TA057,2026-01-01,Accrual,1.25,DAYS,,Monthly accrual 2026-01,,,,
D043,TA047,2026-01-12,Entitlement,14,DAYS,,Annual sick leave entitlement,,,,
D044,TA048,2026-01-12,Entitlement,46,DAYS,,Annual hospitalisation leave entitlement,,,,
D045,TA049,2026-01-19,Employee Time,-5,DAYS,R008,Booking for R008,,,,
D046,TA001,2026-02-01,Accrual,1.75,DAYS,,Monthly accrual 2026-02,,,,
D047,TA005,2026-02-01,Accrual,1.75,DAYS,,Monthly accrual 2026-02,,,,
D048,TA009,2026-02-01,Accrual,1.25,DAYS,,Monthly accrual 2026-02,,,,
D049,TA013,2026-02-01,Accrual,1.75,DAYS,,Monthly accrual 2026-02,,,,
D050,TA017,2026-02-01,Accrual,1.5,DAYS,,Monthly accrual 2026-02,,,,
D051,TA021,2026-02-01,Accrual,1.5,DAYS,,Monthly accrual 2026-02,,,,
D052,TA025,2026-02-01,Accrual,1.25,DAYS,,Monthly accrual 2026-02,,,,
D053,TA029,2026-02-01,Accrual,1.25,DAYS,,Monthly accrual 2026-02,,,,
D054,TA033,2026-02-01,Accrual,1.5,DAYS,,Monthly accrual 2026-02,,,,
D055,TA037,2026-02-01,Accrual,1.5,DAYS,,Monthly accrual 2026-02,,,,
D056,TA041,2026-02-01,Accrual,1.25,DAYS,,Monthly accrual 2026-02,,,,
D057,TA045,2026-02-01,Accrual,1.25,DAYS,,Monthly accrual 2026-02,,,,
D058,TA049,2026-02-01,Accrual,1.75,DAYS,,Monthly accrual 2026-02,,,,
D059,TA053,2026-02-01,Accrual,1.5,DAYS,,Monthly accrual 2026-02,,,,
D060,TA057,2026-02-01,Accrual,1.25,DAYS,,Monthly accrual 2026-02,,,,
D061,TA001,2026-03-01,Accrual,1.75,DAYS,,Monthly accrual 2026-03,,,,
D062,TA005,2026-03-01,Accrual,1.75,DAYS,,Monthly accrual 2026-03,,,,
D063,TA009,2026-03-01,Accrual,1.25,DAYS,,Monthly accrual 2026-03,,,,
D064,TA013,2026-03-01,Accrual,1.75,DAYS,,Monthly accrual 2026-03,,,,
D065,TA017,2026-03-01,Accrual,1.5,DAYS,,Monthly accrual 2026-03,,,,
D066,TA021,2026-03-01,Accrual,1.5,DAYS,,Monthly accrual 2026-03,,,,
D067,TA025,2026-03-01,Accrual,1.25,DAYS,,Monthly accrual 2026-03,,,,
D068,TA029,2026-03-01,Accrual,1.25,DAYS,,Monthly accrual 2026-03,,,,
D069,TA033,2026-03-01,Accrual,1.5,DAYS,,Monthly accrual 2026-03,,,,
D070,TA037,2026-03-01,Accrual,1.5,DAYS,,Monthly accrual 2026-03,,,,
D071,TA041,2026-03-01,Accrual,1.25,DAYS,,Monthly accrual 2026-03,,,,
D072,TA045,2026-03-01,Accrual,1.25,DAYS,,Monthly accrual 2026-03,,,,
D073,TA049,2026-03-01,Accrual,1.75,DAYS,,Monthly accrual 2026-03,,,,
D074,TA053,2026-03-01,Accrual,1.5,DAYS,,Monthly accrual 2026-03,,,,
D075,TA057,2026-03-01,Accrual,1.25,DAYS,,Monthly accrual 2026-03,,,,
D076,TA017,2026-03-09,Employee Time,-5,DAYS,R001,Booking for R001,,,,
D077,TA001,2026-04-01,Accrual,1.75,DAYS,,Monthly accrual 2026-04,,,,
D078,TA005,2026-04-01,Accrual,1.75,DAYS,,Monthly accrual 2026-04,,,,
D079,TA009,2026-04-01,Accrual,1.25,DAYS,,Monthly accrual 2026-04,,,,
D080,TA013,2026-04-01,Accrual,1.75,DAYS,,Monthly accrual 2026-04,,,,
D081,TA017,2026-04-01,Accrual,1.5,DAYS,,Monthly accrual 2026-04,,,,
D082,TA021,2026-04-01,Accrual,1.5,DAYS,,Monthly accrual 2026-04,,,,
D083,TA025,2026-04-01,Accrual,1.25,DAYS,,Monthly accrual 2026-04,,,,
D084,TA029,2026-04-01,Accrual,1.25,DAYS,,Monthly accrual 2026-04,,,,
D085,TA033,2026-04-01,Accrual,1.5,DAYS,,Monthly accrual 2026-04,,,,
D086,TA037,2026-04-01,Accrual,1.5,DAYS,,Monthly accrual 2026-04,,,,
D087,TA041,2026-04-01,Accrual,1.25,DAYS,,Monthly accrual 2026-04,,,,
D088,TA045,2026-04-01,Accrual,1.25,DAYS,,Monthly accrual 2026-04,,,,
D089,TA049,2026-04-01,Accrual,1.75,DAYS,,Monthly accrual 2026-04,,,,
D090,TA053,2026-04-01,Accrual,1.5,DAYS,,Monthly accrual 2026-04,,,,
D091,TA057,2026-04-01,Accrual,1.25,DAYS,,Monthly accrual 2026-04,,,,
D092,TA021,2026-04-20,Employee Time,-3,DAYS,R002,Booking for R002,,,,
D093,TA001,2026-05-01,Accrual,1.75,DAYS,,Monthly accrual 2026-05,,,,
D094,TA005,2026-05-01,Accrual,1.75,DAYS,,Monthly accrual 2026-05,,,,
D095,TA009,2026-05-01,Accrual,1.25,DAYS,,Monthly accrual 2026-05,,,,
D096,TA013,2026-05-01,Accrual,1.75,DAYS,,Monthly accrual 2026-05,,,,
D097,TA017,2026-05-01,Accrual,1.5,DAYS,,Monthly accrual 2026-05,,,,
D098,TA021,2026-05-01,Accrual,1.5,DAYS,,Monthly accrual 2026-05,,,,
D099,TA025,2026-05-01,Accrual,1.25,DAYS,,Monthly accrual 2026-05,,,,
D100,TA029,2026-05-01,Accrual,1.25,DAYS,,Monthly accrual 2026-05,,,,
D101,TA033,2026-05-01,Accrual,1.5,DAYS,,Monthly accrual 2026-05,,,,
D102,TA037,2026-05-01,Accrual,1.5,DAYS,,Monthly accrual 2026-05,,,,
D103,TA041,2026-05-01,Accrual,1.25,DAYS,,Monthly accrual 2026-05,,,,
D104,TA045,2026-05-01,Accrual,1.25,DAYS,,Monthly accrual 2026-05,,,,
D105,TA049,2026-05-01,Accrual,1.75,DAYS,,Monthly accrual 2026-05,,,,
D106,TA053,2026-05-01,Accrual,1.5,DAYS,,Monthly accrual 2026-05,,,,
D107,TA057,2026-05-01,Accrual,1.25,DAYS,,Monthly accrual 2026-05,,,,
D108,TA025,2026-05-04,Employee Time,-5,DAYS,R003,Booking for R003,,,,
D109,TA001,2026-06-01,Accrual,1.75,DAYS,,Monthly accrual 2026-06,,,,
D110,TA005,2026-06-01,Accrual,1.75,DAYS,,Monthly accrual 2026-06,,,,
D111,TA009,2026-06-01,Accrual,1.25,DAYS,,Monthly accrual 2026-06,,,,
D112,TA013,2026-06-01,Accrual,1.75,DAYS,,Monthly accrual 2026-06,,,,
D113,TA017,2026-06-01,Accrual,1.5,DAYS,,Monthly accrual 2026-06,,,,
D114,TA021,2026-06-01,Accrual,1.5,DAYS,,Monthly accrual 2026-06,,,,
D115,TA025,2026-06-01,Accrual,1.25,DAYS,,Monthly accrual 2026-06,,,,
D116,TA029,2026-06-01,Accrual,1.25,DAYS,,Monthly accrual 2026-06,,,,
D117,TA033,2026-06-01,Accrual,1.5,DAYS,,Monthly accrual 2026-06,,,,
D118,TA037,2026-06-01,Accrual,1.5,DAYS,,Monthly accrual 2026-06,,,,
D119,TA041,2026-06-01,Accrual,1.25,DAYS,,Monthly accrual 2026-06,,,,
D120,TA045,2026-06-01,Accrual,1.25,DAYS,,Monthly accrual 2026-06,,,,
D121,TA049,2026-06-01,Accrual,1.75,DAYS,,Monthly accrual 2026-06,,,,
D122,TA053,2026-06-01,Accrual,1.5,DAYS,,Monthly accrual 2026-06,,,,
D123,TA057,2026-06-01,Accrual,1.25,DAYS,,Monthly accrual 2026-06,,,,
D124,TA050,2026-06-06,Ad Hoc Entitlement,1,DAYS,,Public holiday coverage,2026-09-06,,0,Closed
D125,TA044,2026-06-22,Employee Time,-5,DAYS,R006,Booking for R006,,,,
D126,TA001,2026-07-01,Accrual,1.75,DAYS,,Monthly accrual 2026-07,,,,
D127,TA005,2026-07-01,Accrual,1.75,DAYS,,Monthly accrual 2026-07,,,,
D128,TA009,2026-07-01,Accrual,1.25,DAYS,,Monthly accrual 2026-07,,,,
D129,TA013,2026-07-01,Accrual,1.75,DAYS,,Monthly accrual 2026-07,,,,
D130,TA017,2026-07-01,Accrual,1.5,DAYS,,Monthly accrual 2026-07,,,,
D131,TA021,2026-07-01,Accrual,1.5,DAYS,,Monthly accrual 2026-07,,,,
D132,TA025,2026-07-01,Accrual,1.25,DAYS,,Monthly accrual 2026-07,,,,
D133,TA029,2026-07-01,Accrual,1.25,DAYS,,Monthly accrual 2026-07,,,,
D134,TA033,2026-07-01,Accrual,1.5,DAYS,,Monthly accrual 2026-07,,,,
D135,TA037,2026-07-01,Accrual,1.5,DAYS,,Monthly accrual 2026-07,,,,
D136,TA041,2026-07-01,Accrual,1.25,DAYS,,Monthly accrual 2026-07,,,,
D137,TA045,2026-07-01,Accrual,1.25,DAYS,,Monthly accrual 2026-07,,,,
D138,TA049,2026-07-01,Accrual,1.75,DAYS,,Monthly accrual 2026-07,,,,
D139,TA053,2026-07-01,Accrual,1.5,DAYS,,Monthly accrual 2026-07,,,,
D140,TA057,2026-07-01,Accrual,1.25,DAYS,,Monthly accrual 2026-07,,,,
D141,TA030,2026-07-11,Ad Hoc Entitlement,1,DAYS,,Weekend release support,2026-10-11,,1,Active
D142,TA037,2026-07-13,Employee Time,-5,DAYS,R004,Booking for R004,,,,
D143,TA001,2026-08-01,Accrual,1.75,DAYS,,Monthly accrual 2026-08,,,,
D144,TA005,2026-08-01,Accrual,1.75,DAYS,,Monthly accrual 2026-08,,,,
D145,TA009,2026-08-01,Accrual,1.25,DAYS,,Monthly accrual 2026-08,,,,
D146,TA013,2026-08-01,Accrual,1.75,DAYS,,Monthly accrual 2026-08,,,,
D147,TA017,2026-08-01,Accrual,1.5,DAYS,,Monthly accrual 2026-08,,,,
D148,TA021,2026-08-01,Accrual,1.5,DAYS,,Monthly accrual 2026-08,,,,
D149,TA025,2026-08-01,Accrual,1.25,DAYS,,Monthly accrual 2026-08,,,,
D150,TA029,2026-08-01,Accrual,1.25,DAYS,,Monthly accrual 2026-08,,,,
D151,TA033,2026-08-01,Accrual,1.5,DAYS,,Monthly accrual 2026-08,,,,
D152,TA037,2026-08-01,Accrual,1.5,DAYS,,Monthly accrual 2026-08,,,,
D153,TA041,2026-08-01,Accrual,1.25,DAYS,,Monthly accrual 2026-08,,,,
D154,TA045,2026-08-01,Accrual,1.25,DAYS,,Monthly accrual 2026-08,,,,
D155,TA049,2026-08-01,Accrual,1.75,DAYS,,Monthly accrual 2026-08,,,,
D156,TA053,2026-08-01,Accrual,1.5,DAYS,,Monthly accrual 2026-08,,,,
D157,TA057,2026-08-01,Accrual,1.25,DAYS,,Monthly accrual 2026-08,,,,
D158,TA038,2026-08-15,Ad Hoc Entitlement,1,DAYS,,Weekend client event,2026-11-15,,1,Active
D159,TA011,2026-08-17,Employee Time,-1,DAYS,R005,Booking for R005,,,,
D160,TA013,2026-08-24,Employee Time,-5,DAYS,R007,Booking for R007,,,,
D161,TA001,2026-09-01,Accrual,1.75,DAYS,,Monthly accrual 2026-09,,,,
D162,TA005,2026-09-01,Accrual,1.75,DAYS,,Monthly accrual 2026-09,,,,
D163,TA009,2026-09-01,Accrual,1.25,DAYS,,Monthly accrual 2026-09,,,,
D164,TA013,2026-09-01,Accrual,1.75,DAYS,,Monthly accrual 2026-09,,,,
D165,TA017,2026-09-01,Accrual,1.5,DAYS,,Monthly accrual 2026-09,,,,
D166,TA021,2026-09-01,Accrual,1.5,DAYS,,Monthly accrual 2026-09,,,,
D167,TA025,2026-09-01,Accrual,1.25,DAYS,,Monthly accrual 2026-09,,,,
D168,TA029,2026-09-01,Accrual,1.25,DAYS,,Monthly accrual 2026-09,,,,
D169,TA033,2026-09-01,Accrual,1.5,DAYS,,Monthly accrual 2026-09,,,,
D170,TA037,2026-09-01,Accrual,1.5,DAYS,,Monthly accrual 2026-09,,,,
D171,TA041,2026-09-01,Accrual,1.25,DAYS,,Monthly accrual 2026-09,,,,
D172,TA045,2026-09-01,Accrual,1.25,DAYS,,Monthly accrual 2026-09,,,,
D173,TA049,2026-09-01,Accrual,1.75,DAYS,,Monthly accrual 2026-09,,,,
D174,TA053,2026-09-01,Accrual,1.5,DAYS,,Monthly accrual 2026-09,,,,
D175,TA057,2026-09-01,Accrual,1.25,DAYS,,Monthly accrual 2026-09,,,,
D176,TA042,2026-09-05,Ad Hoc Entitlement,2,DAYS,,Weekend roadshow,2026-12-05,,1,Active
D177,TA050,2026-09-06,Expiry,-1,DAYS,,Unused off-in-lieu expired,,D124,,
D178,TA018,2026-09-14,Ad Hoc Entitlement,1,DAYS,,Weekend deployment support,2026-12-14,,1,Active
D179,TA022,2026-09-20,Ad Hoc Entitlement,2,DAYS,,Weekend on-call,2026-12-20,,1,Active
D180,TA054,2026-09-26,Ad Hoc Entitlement,1,DAYS,,Saturday inventory count,2026-12-26,,1,Active
D181,TA042,2026-09-28,Employee Time,-1,DAYS,R016,Booking for R016,,D176,,
D182,TA047,2026-09-30,Employee Time,-1,DAYS,R018,Booking for R018,,,,
D183,TA001,2026-10-01,Accrual,1.75,DAYS,,Monthly accrual 2026-10,,,,
D184,TA005,2026-10-01,Accrual,1.75,DAYS,,Monthly accrual 2026-10,,,,
D185,TA009,2026-10-01,Accrual,1.25,DAYS,,Monthly accrual 2026-10,,,,
D186,TA013,2026-10-01,Accrual,1.75,DAYS,,Monthly accrual 2026-10,,,,
D187,TA017,2026-10-01,Accrual,1.5,DAYS,,Monthly accrual 2026-10,,,,
D188,TA021,2026-10-01,Accrual,1.5,DAYS,,Monthly accrual 2026-10,,,,
D189,TA025,2026-10-01,Accrual,1.25,DAYS,,Monthly accrual 2026-10,,,,
D190,TA029,2026-10-01,Accrual,1.25,DAYS,,Monthly accrual 2026-10,,,,
D191,TA033,2026-10-01,Accrual,1.5,DAYS,,Monthly accrual 2026-10,,,,
D192,TA037,2026-10-01,Accrual,1.5,DAYS,,Monthly accrual 2026-10,,,,
D193,TA041,2026-10-01,Accrual,1.25,DAYS,,Monthly accrual 2026-10,,,,
D194,TA045,2026-10-01,Accrual,1.25,DAYS,,Monthly accrual 2026-10,,,,
D195,TA049,2026-10-01,Accrual,1.75,DAYS,,Monthly accrual 2026-10,,,,
D196,TA053,2026-10-01,Accrual,1.5,DAYS,,Monthly accrual 2026-10,,,,
D197,TA057,2026-10-01,Accrual,1.25,DAYS,,Monthly accrual 2026-10,,,,
D198,TA022,2026-10-02,Employee Time,-1,DAYS,R015,Booking for R015,,D179,,
D199,TA053,2026-12-21,Employee Time,-4,DAYS,R013,Booking for R013,,,,
D200,TA025,2026-10-27,Employee Time,-2.0,DAYS,R011,Booking for R011,,,,
D201,TA017,2026-10-13,Employee Time,-3.0,DAYS,R020,Booking for R020,,,,
D202,TA017,2026-10-13,Employee Time,-3.0,DAYS,R020,Booking for R020,,,,
D203,TA017,2026-10-13,Employee Time,-3.0,DAYS,R020,Booking for R020,,,,
D204,TA017,2026-10-13,Employee Time,-3.0,DAYS,R020,Booking for R020,,,,
D205,TA017,2026-10-13,Employee Time,-3.0,DAYS,R020,Booking for R020,,,,
D206,TA017,2026-10-13,Employee Time,-3.0,DAYS,R020,Booking for R020,,,,
D207,TA017,2026-10-13,Employee Time,-3.0,DAYS,R020,Booking for R020,,,,
D208,TA017,2026-10-13,Employee Time,-3.0,DAYS,R020,Booking for R020,,,,
D209,TA017,2026-10-13,Employee Time,-3.0,DAYS,R020,Booking for R020,,,,
D210,TA017,2026-10-13,Employee Time,-3.0,DAYS,R020,Booking for R020,,,,
D211,TA017,2026-10-13,Employee Time,-3.0,DAYS,R020,Booking for R020,,,,
D212,TA013,2026-11-07,Employee Time,-1.0,DAYS,R021,Booking for R021,,,,
