Month (type any date in it):,2026-10-01,,,,,,,team,short_days,at_min_days,verdict
Showing:,2026-10-01,,,,,,,Man Age Men-T,0,0,✓ Enough
Legend:,✓ OK (enough cover),▲ AT MIN (exactly minimum),⚠ SHORT (below minimum),Weekend,Public holiday,(P) = pending approval,,Empty'em,2,1,⚠ Lacking manpower
,,,,,,,,Diva Counter Strike,0,0,✓ Enough
T01,Man Age Men-T,Min on duty:,1,Headcount:,1,,,Apple Computer Science,0,0,✓ Enough
Mon,Tue,Wed,Thu,Fri,Sat,Sun,,Meow Woof Arf,0,0,✓ Enough
,,,"1
✓ OK 1/1","2
✓ OK 1/1",3,4,,,,,
"5
✓ OK 1/1","6
✓ OK 1/1","7
✓ OK 1/1","8
✓ OK 1/1","9
✓ OK 1/1",10,11,,,,,
"12
✓ OK 1/1","13
✓ OK 1/1","14
✓ OK 1/1","15
✓ OK 1/1","16
✓ OK 1/1",17,18,,,,,
"19
✓ OK 1/1","20
✓ OK 1/1","21
✓ OK 1/1","22
✓ OK 1/1","23
✓ OK 1/1",24,25,,,,,
"26
✓ OK 1/1","27
✓ OK 1/1","28
✓ OK 1/1","29
✓ OK 1/1","30
✓ OK 1/1",31,,,,,,
T02,Empty'em,Min on duty:,3,Headcount:,5,,,,,,
Mon,Tue,Wed,Thu,Fri,Sat,Sun,,,,,
,,,"1
✓ OK 5/5","2
Rahul OIL
✓ OK 4/5",3,4,,,,,
"5
✓ OK 5/5","6
✓ OK 5/5","7
✓ OK 5/5","8
✓ OK 5/5","9
✓ OK 5/5",10,11,,,,,
"12
✓ OK 5/5","13
✓ OK 5/5","14
✓ OK 5/5","15
✓ OK 5/5","16
✓ OK 5/5",17,18,,,,,
"19
✓ OK 5/5","20
✓ OK 5/5","21
✓ OK 5/5","22
✓ OK 5/5","23
✓ OK 5/5",24,25,,,,,
"26
Wei AL (P)
Rahul AL (P)
▲ AT MIN 3/5","27
Wei AL (P)
Rahul AL (P)
Sarah AL (P)
⚠ SHORT 2/5","28
Wei AL (P)
Rahul AL (P)
Sarah AL (P)
⚠ SHORT 2/5","29
Wei AL (P)
✓ OK 4/5","30
Wei AL (P)
✓ OK 4/5",31,,,,,,
T03,Diva Counter Strike,Min on duty:,2,Headcount:,5,,,,,,
Mon,Tue,Wed,Thu,Fri,Sat,Sun,,,,,
,,,"1
✓ OK 5/5","2
✓ OK 5/5",3,4,,,,,
"5
✓ OK 5/5","6
✓ OK 5/5","7
✓ OK 5/5","8
✓ OK 5/5","9
✓ OK 5/5",10,11,,,,,
"12
✓ OK 5/5","13
✓ OK 5/5","14
✓ OK 5/5","15
✓ OK 5/5","16
✓ OK 5/5",17,18,,,,,
"19
✓ OK 5/5","20
✓ OK 5/5","21
✓ OK 5/5","22
✓ OK 5/5","23
✓ OK 5/5",24,25,,,,,
"26
✓ OK 5/5","27
✓ OK 5/5","28
✓ OK 5/5","29
✓ OK 5/5","30
✓ OK 5/5",31,,,,,,
T04,Apple Computer Science,Min on duty:,2,Headcount:,4,,,,,,
Mon,Tue,Wed,Thu,Fri,Sat,Sun,,,,,
,,,"1
✓ OK 4/4","2
✓ OK 4/4",3,4,,,,,
"5
✓ OK 4/4","6
✓ OK 4/4","7
✓ OK 4/4","8
✓ OK 4/4","9
✓ OK 4/4",10,11,,,,,
"12
✓ OK 4/4","13
✓ OK 4/4","14
✓ OK 4/4","15
✓ OK 4/4","16
✓ OK 4/4",17,18,,,,,
"19
✓ OK 4/4","20
✓ OK 4/4","21
✓ OK 4/4","22
✓ OK 4/4","23
✓ OK 4/4",24,25,,,,,
"26
Wei AL (P)
✓ OK 3/4","27
Wei AL (P)
✓ OK 3/4","28
Wei AL (P)
✓ OK 3/4","29
Wei AL (P)
✓ OK 3/4","30
Wei AL (P)
✓ OK 3/4",31,,,,,,
T05,Meow Woof Arf,Min on duty:,1,Headcount:,3,,,,,,
Mon,Tue,Wed,Thu,Fri,Sat,Sun,,,,,
,,,"1
✓ OK 3/3","2
✓ OK 3/3",3,4,,,,,
"5
✓ OK 3/3","6
✓ OK 3/3","7
✓ OK 3/3","8
✓ OK 3/3","9
✓ OK 3/3",10,11,,,,,
"12
✓ OK 3/3","13
✓ OK 3/3","14
✓ OK 3/3","15
✓ OK 3/3","16
✓ OK 3/3",17,18,,,,,
"19
✓ OK 3/3","20
✓ OK 3/3","21
✓ OK 3/3","22
✓ OK 3/3","23
✓ OK 3/3",24,25,,,,,
"26
✓ OK 3/3","27
✓ OK 3/3","28
✓ OK 3/3","29
✓ OK 3/3","30
✓ OK 3/3",31,,,,,,
