Named Resource,Email,Mobile,Jan-26,Feb-26,Mar-26,Apr-26,May-26,Jun-26,Jul-26,Aug-26,Sept-26,Oct-26,Nov-26,Dec-26
Priya Nair,priya.nair@i-be-yam.com,+65 9123 4501,,,,,,,,,,,,
Daniel Tan,daniel.tan@i-be-yam.com,+65 9234 4502,,,2-4 (AL),,,,20 (SL),,,,,
Aisha Rahman,aisha.rahman@i-be-yam.com,+65 8345 4503,,"9-11 (AL), 24 (SL)",,,,,,17 (SL),,,,
Marcus Lim,marcus.lim@i-be-yam.com,+65 9456 4504,,,,,,,,24-28 (AL),,,,
Wei Ling Chua,weiling.chua@i-be-yam.com,+65 8567 4505,,,9-13 (AL),,,,,,,,,
Rahul Menon,rahul.menon@i-be-yam.com,+65 9678 4506,,,,20-22 (AL),,,,,,2 (OIL),,
Sarah Koh,sarah.koh@i-be-yam.com,+65 8789 4507,,,,,4-8 (AL),,,,,,,
Jun Wei Ong,junwei.ong@i-be-yam.com,+65 9890 4508,,,,,,,,,"7-9 (AL), 21 (OIL)",,,
Fatimah Yusof,fatimah.yusof@i-be-yam.com,+65 8901 4509,,,,,,,,,,,,
Kevin Teo,kevin.teo@i-be-yam.com,+65 9012 4510,,,,,,,13-17 (AL),,,,,
Michelle Goh,michelle.goh@i-be-yam.com,+65 8123 4511,,,,,,22-26 (HL),,,28 (OIL),,,
Arjun Pillai,arjun.pillai@i-be-yam.com,+65 9234 4512,,,,,,,,,30 (SL),,,
Grace Lee,grace.lee@i-be-yam.com,+65 8345 4513,19-23 (AL),,,,,,,,,,,
Ismail Hassan,ismail.hassan@i-be-yam.com,+65 9456 4514,,,,,,,,,,,,21-24 (AL)
Cheryl Wong,cheryl.wong@i-be-yam.com,+65 8567 4515,,,,,,,,,,,,